{"results":[{"gender":"male","name":{"title":"mr","first":"zélio","last":"moura"},"location":{"street":"9890 rua principal","city":"guaratinguetá","state":"amapá","postcode":74617},"email":"zélio.moura@example.com","login":{"username":"greenswan784","password":"stokes","salt":"h00XqaYR","md5":"7bbe8785a513dfd305518e933b0ef4a5","sha1":"46574664b8be8890913dd107b7bb60e066d85376","sha256":"cf4e15611fbe417f786ad597a822d52d6b4415d803d3631831dd57ce83325611"},"dob":"1954-11-04 14:21:30","registered":"2003-04-07 22:39:20","phone":"(21) 6925-1791","cell":"(31) 2104-0804","id":{"name":"","value":null},"picture":{"large":"https://randomuser.me/api/portraits/men/43.jpg","medium":"https://randomuser.me/api/portraits/med/men/43.jpg","thumbnail":"https://randomuser.me/api/portraits/thumb/men/43.jpg"},"nat":"BR"},{"gender":"female","name":{"title":"mademoiselle","first":"maelya","last":"olivier"},"location":{"street":"9638 place de l'abbé-basset","city":"boulens","state":"appenzell innerrhoden","postcode":9164},"email":"maelya.olivier@example.com","login":{"username":"greenmeercat847","password":"showme","salt":"hmV2NK4h","md5":"95a16adf0f74f0625de0a0ab460c81d5","sha1":"57c4f5c46eacf4be047e158024e0aee9d7efa1b8","sha256":"da4096f91029c9b6901d79bc81f65f7c4b82d3168fc0c2d8082f67c92e834105"},"dob":"1969-03-01 00:05:59","registered":"2013-06-07 02:25:27","phone":"(614)-995-8087","cell":"(114)-962-2899","id":{"name":"AVS","value":"756.WYSE.MUBN.39"},"picture":{"large":"https://randomuser.me/api/portraits/women/37.jpg","medium":"https://randomuser.me/api/portraits/med/women/37.jpg","thumbnail":"https://randomuser.me/api/portraits/thumb/women/37.jpg"},"nat":"CH"},{"gender":"female","name":{"title":"mrs","first":"alix","last":"morel"},"location":{"street":"3021 rue du stade","city":"tours","state":"mayotte","postcode":84880},"email":"alix.morel@example.com","login":{"username":"bigwolf910","password":"homers","salt":"FMMFejzi","md5":"eefb973b307857111d0a93a20c24c507","sha1":"7a45cd436f6097c9452516f4190d4e7cbbede682","sha256":"a13294eacb494ee3c40c7c7a4057a42868d40cab9199266303e58cb3f532fa59"},"dob":"1962-08-07 16:47:22","registered":"2005-05-24 15:33:55","phone":"04-51-24-74-76","cell":"06-75-33-84-57","id":{"name":"INSEE","value":"262715555467 12"},"picture":{"large":"https://randomuser.me/api/portraits/women/94.jpg","medium":"https://randomuser.me/api/portraits/med/women/94.jpg","thumbnail":"https://randomuser.me/api/portraits/thumb/women/94.jpg"},"nat":"FR"},{"gender":"male","name":{"title":"mr","first":"علی رضا","last":"جعفری"},"location":{"street":"5075 هویزه","city":"سبزوار","state":"مازندران","postcode":63108},"email":"علی رضا.جعفری@example.com","login":{"username":"bigtiger585","password":"20202020","salt":"eikm1y1s","md5":"8e7cdc38a3e69f7a5040146e994d86bf","sha1":"a5ea9f8c2154a57d68a7a039be84613f25815435","sha256":"811ee66610fe446e7433c57d9e33a88d8475e5a00f2ee753e90af39d634193ca"},"dob":"1964-03-09 08:35:58","registered":"2012-05-02 01:31:20","phone":"028-03699604","cell":"0951-348-8611","id":{"name":"","value":null},"picture":{"large":"https://randomuser.me/api/portraits/men/65.jpg","medium":"https://randomuser.me/api/portraits/med/men/65.jpg","thumbnail":"https://randomuser.me/api/portraits/thumb/men/65.jpg"},"nat":"IR"},{"gender":"female","name":{"title":"miss","first":"paige","last":"jimenez"},"location":{"street":"3900 church road","city":"wolverhampton","state":"tayside","postcode":"I9 7YA"},"email":"paige.jimenez@example.com","login":{"username":"brownmouse592","password":"bacon","salt":"JD12VWp3","md5":"a5a4097df2f4e837bddbac4c584c11f4","sha1":"efd69b52fbfb9c396080fea0677663372616e578","sha256":"9f18c20fa6cc4bcdbbfe5a9db6e8f9032cbbf334084b2ababc0cdaf92f872227"},"dob":"1951-01-29 10:56:29","registered":"2014-12-09 14:34:42","phone":"019467 26319","cell":"0783-388-508","id":{"name":"NINO","value":"SK 53 68 76 K"},"picture":{"large":"https://randomuser.me/api/portraits/women/93.jpg","medium":"https://randomuser.me/api/portraits/med/women/93.jpg","thumbnail":"https://randomuser.me/api/portraits/thumb/women/93.jpg"},"nat":"GB"},{"gender":"female","name":{"title":"miss","first":"ömür","last":"sinanoğlu"},"location":{"street":"9833 fatih sultan mehmet cd","city":"aksaray","state":"bursa","postcode":77946},"email":"ömür.sinanoğlu@example.com","login":{"username":"bigdog512","password":"portland","salt":"oBont0g3","md5":"e8fa4b29d76ed14d6dd9691b6d270759","sha1":"9d0ffae19575ca3b7efb883ed47e9f64513a70f6","sha256":"c97a75e7ac884514b88462f7d271c1fb5c39b6668ac675da369abfa3a715f3d5"},"dob":"1956-08-14 07:36:27","registered":"2011-01-17 15:33:07","phone":"(715)-364-4911","cell":"(415)-701-4566","id":{"name":"","value":null},"picture":{"large":"https://randomuser.me/api/portraits/women/26.jpg","medium":"https://randomuser.me/api/portraits/med/women/26.jpg","thumbnail":"https://randomuser.me/api/portraits/thumb/women/26.jpg"},"nat":"TR"},{"gender":"female","name":{"title":"miss","first":"phoebe","last":"dunn"},"location":{"street":"5344 station road","city":"norwich","state":"fife","postcode":"XQ9L 9RT"},"email":"phoebe.dunn@example.com","login":{"username":"goldenduck483","password":"liberty","salt":"vP5i1K1V","md5":"cbaa2a3b9e239d2e8c6feb86a784092d","sha1":"8083ae189453c8953981677e5700cc03ba171bba","sha256":"b0d543a154536aa8de872d8188d82a1734c2bad8df0c04323e32e91b95b2cabb"},"dob":"1987-06-22 13:34:06","registered":"2014-06-20 19:41:00","phone":"0110916 937 8813","cell":"0755-555-646","id":{"name":"NINO","value":"LR 17 91 78 L"},"picture":{"large":"https://randomuser.me/api/portraits/women/30.jpg","medium":"https://randomuser.me/api/portraits/med/women/30.jpg","thumbnail":"https://randomuser.me/api/portraits/thumb/women/30.jpg"},"nat":"GB"},{"gender":"male","name":{"title":"mr","first":"niklas","last":"ahonen"},"location":{"street":"3144 korkeavuorenkatu","city":"geta","state":"southern ostrobothnia","postcode":90241},"email":"niklas.ahonen@example.com","login":{"username":"ticklishkoala263","password":"venice","salt":"IyhLEqXT","md5":"615e4c35007250e5efc0f1b7e7f08edb","sha1":"4b2d89c2610aec5952be2ba528515b154e8aeba7","sha256":"c20c84762c302f147e50f6ba44f900f8b65dee3f006822e1590e7fc0b17da89f"},"dob":"1957-04-08 17:09:34","registered":"2006-07-25 02:34:30","phone":"04-235-771","cell":"046-260-38-72","id":{"name":"HETU","value":"457-795K"},"picture":{"large":"https://randomuser.me/api/portraits/men/61.jpg","medium":"https://randomuser.me/api/portraits/med/men/61.jpg","thumbnail":"https://randomuser.me/api/portraits/thumb/men/61.jpg"},"nat":"FI"},{"gender":"male","name":{"title":"mr","first":"aaron","last":"rose"},"location":{"street":"9853 w dallas st","city":"kalgoorlie","state":"south australia","postcode":6203},"email":"aaron.rose@example.com","login":{"username":"brownbear647","password":"havefun","salt":"UR84tTa5","md5":"35bddc06ca05b20c3dd97cfc065b0dec","sha1":"db8717ff6a85ada419b1ad87ba1bbcec0da299c2","sha256":"c98d08efb545b44b516a3e35117de7c5531759c4782d5355e3300eb171819ab8"},"dob":"1947-05-17 17:20:06","registered":"2005-12-15 07:14:58","phone":"09-1277-0669","cell":"0439-591-197","id":{"name":"TFN","value":"877881947"},"picture":{"large":"https://randomuser.me/api/portraits/men/46.jpg","medium":"https://randomuser.me/api/portraits/med/men/46.jpg","thumbnail":"https://randomuser.me/api/portraits/thumb/men/46.jpg"},"nat":"AU"},{"gender":"male","name":{"title":"mr","first":"eduardo","last":"aragão"},"location":{"street":"6665 rua primeiro de maio ","city":"resende","state":"santa catarina","postcode":59113},"email":"eduardo.aragão@example.com","login":{"username":"beautifulladybug272","password":"vampires","salt":"DLSc2kAp","md5":"23ce4f94b34c9281ca7cdf186fb91773","sha1":"172dd6bbe84d1890332c4b4c142d2238dffb16fc","sha256":"e22331402fd704242f5ab7f7608a025617e48d7d475d017cee6c890c52a1fb88"},"dob":"1969-10-19 07:16:08","registered":"2002-04-28 01:01:33","phone":"(56) 3395-8049","cell":"(08) 2965-7002","id":{"name":"","value":null},"picture":{"large":"https://randomuser.me/api/portraits/men/25.jpg","medium":"https://randomuser.me/api/portraits/med/men/25.jpg","thumbnail":"https://randomuser.me/api/portraits/thumb/men/25.jpg"},"nat":"BR"},{"gender":"male","name":{"title":"mr","first":"علی رضا","last":"گلشن"},"location":{"street":"5740 شهید رحمانی","city":"قدس","state":"لرستان","postcode":10151},"email":"علی رضا.گلشن@example.com","login":{"username":"brownleopard373","password":"kathy","salt":"SpRkhgoY","md5":"2b6c1af8937a17d61bd878e450f1eff3","sha1":"2eb6c32c2ba7ce1b758513a0d6ded1df96f0003d","sha256":"15347720fd17c694d98521afadb2004150ce3a8a0c783af4a6af0449e95c2f27"},"dob":"1976-12-28 16:53:36","registered":"2010-09-17 17:21:45","phone":"051-28471576","cell":"0973-182-6968","id":{"name":"","value":null},"picture":{"large":"https://randomuser.me/api/portraits/men/99.jpg","medium":"https://randomuser.me/api/portraits/med/men/99.jpg","thumbnail":"https://randomuser.me/api/portraits/thumb/men/99.jpg"},"nat":"IR"},{"gender":"female","name":{"title":"ms","first":"darciela","last":"da conceição"},"location":{"street":"3629 rua mato grosso ","city":"manaus","state":"mato grosso","postcode":37800},"email":"darciela.daconceição@example.com","login":{"username":"bigkoala481","password":"hassan","salt":"TNW9BBjp","md5":"06b46398548c5fe4c50527a2dd46f982","sha1":"acfa6315e2e2be3d261f0469466fc91eef56c73d","sha256":"eb827555b179986479ceacaebc9a9efc0e6da369deaac30e7eaa96249625299d"},"dob":"1959-07-23 22:24:56","registered":"2005-08-27 08:02:21","phone":"(75) 0414-8774","cell":"(29) 5440-7245","id":{"name":"","value":null},"picture":{"large":"https://randomuser.me/api/portraits/women/91.jpg","medium":"https://randomuser.me/api/portraits/med/women/91.jpg","thumbnail":"https://randomuser.me/api/portraits/thumb/women/91.jpg"},"nat":"BR"},{"gender":"female","name":{"title":"miss","first":"clara","last":"thomsen"},"location":{"street":"8356 herluf trolles vej","city":"københavn sv","state":"sjælland","postcode":81179},"email":"clara.thomsen@example.com","login":{"username":"crazywolf691","password":"douglas","salt":"nj9IwGUz","md5":"91bbe215c4df1a38d6caaa8140143923","sha1":"f97afd7cc6539313fc6665433d60b5d4c26d026f","sha256":"95aff85cc69dea39f8ceb13d6b99f3eb10fdee94b12703c1711ebab42684dbf8"},"dob":"1994-09-27 11:42:18","registered":"2008-07-04 12:44:07","phone":"72402349","cell":"24114324","id":{"name":"CPR","value":"331296-8111"},"picture":{"large":"https://randomuser.me/api/portraits/women/53.jpg","medium":"https://randomuser.me/api/portraits/med/women/53.jpg","thumbnail":"https://randomuser.me/api/portraits/thumb/women/53.jpg"},"nat":"DK"},{"gender":"male","name":{"title":"monsieur","first":"aloïs","last":"lucas"},"location":{"street":"3013 rue du bât-d'argent","city":"lonay","state":"bern","postcode":1220},"email":"aloïs.lucas@example.com","login":{"username":"ticklishgorilla605","password":"craig","salt":"PSTFuuMt","md5":"9006a4b38feecc0936d36586e2f6b971","sha1":"bd28c0aaac60ef6484d9f2d0a825ab4e88d0fbf4","sha256":"93d622aa913b03d622a695bf2d607cf03f0dc964c384d5c054b9bdf414f4f48b"},"dob":"1959-12-05 15:29:55","registered":"2005-04-23 11:26:12","phone":"(126)-715-1858","cell":"(658)-368-8010","id":{"name":"AVS","value":"756.XYEA.SPKJ.25"},"picture":{"large":"https://randomuser.me/api/portraits/men/94.jpg","medium":"https://randomuser.me/api/portraits/med/men/94.jpg","thumbnail":"https://randomuser.me/api/portraits/thumb/men/94.jpg"},"nat":"CH"},{"gender":"male","name":{"title":"mr","first":"oskari","last":"tikkanen"},"location":{"street":"5574 rautatienkatu","city":"sulkava","state":"tavastia proper","postcode":92446},"email":"oskari.tikkanen@example.com","login":{"username":"smallduck625","password":"johngalt","salt":"9UA5S0Lc","md5":"4af59f3723aa581d98aed7e2cca9c679","sha1":"14ae35e58669a7f7ea2babb95484d80340079c0b","sha256":"a7d9f0d4613960990e84fcfc9471d79f5bf01b4d635b72db236d1a91a3e47fa3"},"dob":"1947-09-25 15:55:19","registered":"2006-03-22 23:52:41","phone":"07-647-969","cell":"043-654-18-49","id":{"name":"HETU","value":"1247-765F"},"picture":{"large":"https://randomuser.me/api/portraits/men/99.jpg","medium":"https://randomuser.me/api/portraits/med/men/99.jpg","thumbnail":"https://randomuser.me/api/portraits/thumb/men/99.jpg"},"nat":"FI"},{"gender":"male","name":{"title":"mr","first":"villads","last":"petersen"},"location":{"street":"4049 sommervej","city":"askeby","state":"midtjylland","postcode":71205},"email":"villads.petersen@example.com","login":{"username":"ticklishmeercat562","password":"jackie","salt":"1QRvge5F","md5":"4d744b870f2abc0ed1a21958ffd94a27","sha1":"42313a895c8a796c3e523823fa881c9dffedf014","sha256":"9d3535587ac74e1229080a74e2202719a39aa7403905ab4f417cc748ad782486"},"dob":"1963-05-30 04:10:44","registered":"2005-09-25 18:36:49","phone":"04642406","cell":"38060263","id":{"name":"CPR","value":"349891-2196"},"picture":{"large":"https://randomuser.me/api/portraits/men/96.jpg","medium":"https://randomuser.me/api/portraits/med/men/96.jpg","thumbnail":"https://randomuser.me/api/portraits/thumb/men/96.jpg"},"nat":"DK"},{"gender":"female","name":{"title":"miss","first":"marilyn","last":"fletcher"},"location":{"street":"7471 miller ave","city":"geelong","state":"australian capital territory","postcode":4108},"email":"marilyn.fletcher@example.com","login":{"username":"beautifulrabbit442","password":"verona","salt":"BxMP4IAI","md5":"503a1029d89953d97ff34294516b4048","sha1":"3ef896a2c171c2c7417b8676fa0ff5e546ad563d","sha256":"ab7596e62500663f74b89b800f9acbbbda28cad8b8d3abb133a9927d0078e5ea"},"dob":"1945-10-10 16:41:59","registered":"2002-05-24 15:31:13","phone":"01-0256-8622","cell":"0490-489-797","id":{"name":"TFN","value":"953087823"},"picture":{"large":"https://randomuser.me/api/portraits/women/58.jpg","medium":"https://randomuser.me/api/portraits/med/women/58.jpg","thumbnail":"https://randomuser.me/api/portraits/thumb/women/58.jpg"},"nat":"AU"},{"gender":"female","name":{"title":"miss","first":"begüm","last":"kılıççı"},"location":{"street":"4289 kushimoto sk","city":"osmaniye","state":"sinop","postcode":70713},"email":"begüm.kılıççı@example.com","login":{"username":"beautifulrabbit561","password":"shotgun","salt":"dhdSB2uI","md5":"cfd52964870ecdc3ff1f3417dcc83e07","sha1":"3ff92323c513cd877c33997f2cf715115a59a921","sha256":"eedc0dcab6b2c411efb0953456e9bd4030610bb9887dda87289b90c01abc6011"},"dob":"1960-08-14 12:25:30","registered":"2008-02-18 06:46:35","phone":"(076)-568-2259","cell":"(199)-180-2136","id":{"name":"","value":null},"picture":{"large":"https://randomuser.me/api/portraits/women/48.jpg","medium":"https://randomuser.me/api/portraits/med/women/48.jpg","thumbnail":"https://randomuser.me/api/portraits/thumb/women/48.jpg"},"nat":"TR"},{"gender":"female","name":{"title":"miss","first":"naja","last":"jørgensen"},"location":{"street":"8531 lyngvejen","city":"ansager","state":"syddanmark","postcode":40332},"email":"naja.jørgensen@example.com","login":{"username":"lazybutterfly844","password":"probes","salt":"6kDju8Q3","md5":"8dbd5ad3fe6010e35ffc6e9cf5d51cc6","sha1":"7e1e5c5e838025ecabb4ebc65d4094fb303501ab","sha256":"4fd01619e152d87fa31cd2a503e4224035c990f79a8a732b0117b03eec6fa27e"},"dob":"1956-04-09 02:33:54","registered":"2016-01-15 13:57:59","phone":"34138933","cell":"20598830","id":{"name":"CPR","value":"257102-5704"},"picture":{"large":"https://randomuser.me/api/portraits/women/94.jpg","medium":"https://randomuser.me/api/portraits/med/women/94.jpg","thumbnail":"https://randomuser.me/api/portraits/thumb/women/94.jpg"},"nat":"DK"},{"gender":"female","name":{"title":"mrs","first":"emily","last":"ambrose"},"location":{"street":"3730 st. catherine st","city":"melbourne","state":"ontario","postcode":58673},"email":"emily.ambrose@example.com","login":{"username":"whitefrog363","password":"ripken","salt":"gHHjEEfS","md5":"987bb0888f2986a7827627efef8bb065","sha1":"98aa1e16913072b6aa169cbb61905f2bd9090a04","sha256":"e4e93a31033335db2c53f6eeeaa7199605f456ad1671fa52bd60446b50c1ce0a"},"dob":"1949-02-27 22:06:17","registered":"2008-03-10 22:46:39","phone":"682-578-1661","cell":"600-276-7897","id":{"name":"","value":null},"picture":{"large":"https://randomuser.me/api/portraits/women/48.jpg","medium":"https://randomuser.me/api/portraits/med/women/48.jpg","thumbnail":"https://randomuser.me/api/portraits/thumb/women/48.jpg"},"nat":"CA"},{"gender":"male","name":{"title":"mr","first":"david","last":"cunningham"},"location":{"street":"5034 station road","city":"cambridge","state":"gloucestershire","postcode":"V3Z 0WS"},"email":"david.cunningham@example.com","login":{"username":"lazykoala686","password":"avalon","salt":"eg3DMgdt","md5":"18fcbd7f6c62772531a242b66f5cdd49","sha1":"f7de42ce51298f53dfa3406fca191fd18f42d791","sha256":"3e2949b6fecf3a1d246566eeda2348b3d1e205c3dba3a77917211947703bdd96"},"dob":"1964-10-13 10:23:32","registered":"2015-04-16 12:12:31","phone":"013873 87546","cell":"0704-899-247","id":{"name":"NINO","value":"MT 28 56 55 M"},"picture":{"large":"https://randomuser.me/api/portraits/men/99.jpg","medium":"https://randomuser.me/api/portraits/med/men/99.jpg","thumbnail":"https://randomuser.me/api/portraits/thumb/men/99.jpg"},"nat":"GB"},{"gender":"male","name":{"title":"mr","first":"perry","last":"fowler"},"location":{"street":"2966 park lane","city":"lisburn","state":"rutland","postcode":"J8 0XJ"},"email":"perry.fowler@example.com","login":{"username":"ticklishbird133","password":"minerva","salt":"sCQsdfvX","md5":"d7456ef6bc3d8d5bfc5f67eefa52361d","sha1":"b8c9f91af2fba57eab194088e8feb3ac53dbe43e","sha256":"6755287c585c37f67cfa4d03d1798deebb6867617501029c0f09816ae0ad53c9"},"dob":"1957-05-22 13:53:39","registered":"2002-12-14 11:50:29","phone":"017687 34063","cell":"0791-582-351","id":{"name":"NINO","value":"CK 01 82 96 S"},"picture":{"large":"https://randomuser.me/api/portraits/men/42.jpg","medium":"https://randomuser.me/api/portraits/med/men/42.jpg","thumbnail":"https://randomuser.me/api/portraits/thumb/men/42.jpg"},"nat":"GB"},{"gender":"male","name":{"title":"monsieur","first":"arthur","last":"legrand"},"location":{"street":"1054 cours charlemagne","city":"epautheyres","state":"zug","postcode":5689},"email":"arthur.legrand@example.com","login":{"username":"lazyostrich511","password":"ranch","salt":"yKj62CEj","md5":"3b364ebf2d082a2fcf9cccdc4b48b820","sha1":"93e6fe8a660c08b66b6da932ad1c3cd2ebcb0f00","sha256":"48337a851c5c59827acf3abf4090064ddc0abca866ebae17a409ea531fc2df4b"},"dob":"1967-04-08 20:04:55","registered":"2011-05-19 08:04:59","phone":"(646)-402-2682","cell":"(906)-141-2225","id":{"name":"AVS","value":"756.SXMZ.JQDK.09"},"picture":{"large":"https://randomuser.me/api/portraits/men/23.jpg","medium":"https://randomuser.me/api/portraits/med/men/23.jpg","thumbnail":"https://randomuser.me/api/portraits/thumb/men/23.jpg"},"nat":"CH"},{"gender":"female","name":{"title":"miss","first":"deanna","last":"holland"},"location":{"street":"4563 lone wolf trail","city":"perth","state":"south australia","postcode":3637},"email":"deanna.holland@example.com","login":{"username":"beautifulbird337","password":"oooooooo","salt":"mImv618C","md5":"8f66c6e2142a4d4dbc529d941cb65519","sha1":"0bfa97faff607288f1536c51af84d2f955f40aa3","sha256":"e2f7c59f57c2cfed154630d04e6d032b81dddc42ab3e80218dcd92ed687e5258"},"dob":"1969-06-19 02:02:40","registered":"2009-05-25 20:41:00","phone":"02-2978-6774","cell":"0409-763-681","id":{"name":"TFN","value":"231507668"},"picture":{"large":"https://randomuser.me/api/portraits/women/35.jpg","medium":"https://randomuser.me/api/portraits/med/women/35.jpg","thumbnail":"https://randomuser.me/api/portraits/thumb/women/35.jpg"},"nat":"AU"},{"gender":"female","name":{"title":"miss","first":"liese","last":"vuijk"},"location":{"street":"6137 ambachtstraat","city":"zwijndrecht","state":"drenthe","postcode":54798},"email":"liese.vuijk@example.com","login":{"username":"lazykoala544","password":"wizards","salt":"JZhb66PB","md5":"5602299759ae892131474476028d3618","sha1":"0251a70d40f54e5f1becd9b7a46f80b6b87e95a6","sha256":"dd355362319e3af19b50f73e34007b055500f6df6c78919ebcbe1e31c57bf3bc"},"dob":"1966-04-01 04:19:41","registered":"2006-12-11 21:10:22","phone":"(547)-764-8502","cell":"(314)-741-2519","id":{"name":"BSN","value":"07763967"},"picture":{"large":"https://randomuser.me/api/portraits/women/42.jpg","medium":"https://randomuser.me/api/portraits/med/women/42.jpg","thumbnail":"https://randomuser.me/api/portraits/thumb/women/42.jpg"},"nat":"NL"},{"gender":"female","name":{"title":"mrs","first":"oya","last":"atakol"},"location":{"street":"7241 anafartalar cd","city":"edirne","state":"amasya","postcode":43787},"email":"oya.atakol@example.com","login":{"username":"greenduck972","password":"boater","salt":"EPzSMHFH","md5":"f87172bdf1acab336940fe2e21fc9418","sha1":"a20949a2cc40ffd32d96f8490147dd8a69489e44","sha256":"503dde8af4abba7bea635b502b835d48d9cdb9292a4ecba64112a80aedae930b"},"dob":"1964-07-23 13:20:17","registered":"2005-09-23 07:48:24","phone":"(678)-674-0053","cell":"(260)-272-4546","id":{"name":"","value":null},"picture":{"large":"https://randomuser.me/api/portraits/women/32.jpg","medium":"https://randomuser.me/api/portraits/med/women/32.jpg","thumbnail":"https://randomuser.me/api/portraits/thumb/women/32.jpg"},"nat":"TR"},{"gender":"male","name":{"title":"mr","first":"ethan","last":"smith"},"location":{"street":"7695 clark avenue","city":"palmerston north","state":"northland","postcode":29025},"email":"ethan.smith@example.com","login":{"username":"greenmeercat972","password":"jjjjjjjj","salt":"8gfW4I7u","md5":"10b0dfdfb0bb852ea8fe223917e95283","sha1":"4c64024bf359249fb103234bb97b6f21af7fd56c","sha256":"69467f428b0684a5ad9627dfc2f70e2e80aaf04623bc22c1b69925668cebf7a8"},"dob":"1975-02-24 05:55:37","registered":"2012-04-16 05:59:01","phone":"(303)-322-9691","cell":"(973)-827-0755","id":{"name":"","value":null},"picture":{"large":"https://randomuser.me/api/portraits/men/77.jpg","medium":"https://randomuser.me/api/portraits/med/men/77.jpg","thumbnail":"https://randomuser.me/api/portraits/thumb/men/77.jpg"},"nat":"NZ"},{"gender":"male","name":{"title":"mr","first":"lee","last":"jenkins"},"location":{"street":"3010 locust rd","city":"hervey bay","state":"tasmania","postcode":4910},"email":"lee.jenkins@example.com","login":{"username":"redostrich743","password":"armani","salt":"K5TadfCc","md5":"a1d395d57a0900716461d77660133c46","sha1":"b513bbbca732496d72f165dae1dadb3330364f8d","sha256":"86166117c2c86f9a02299b5cdde999eeb235407d7e87984638d88230cc0c4f0b"},"dob":"1990-12-20 13:35:58","registered":"2010-12-20 19:25:35","phone":"02-4801-1622","cell":"0448-018-210","id":{"name":"TFN","value":"668513600"},"picture":{"large":"https://randomuser.me/api/portraits/men/17.jpg","medium":"https://randomuser.me/api/portraits/med/men/17.jpg","thumbnail":"https://randomuser.me/api/portraits/thumb/men/17.jpg"},"nat":"AU"},{"gender":"male","name":{"title":"mr","first":"lenni","last":"toro"},"location":{"street":"1803 satakennankatu","city":"aura","state":"ostrobothnia","postcode":99570},"email":"lenni.toro@example.com","login":{"username":"beautifulelephant179","password":"112358","salt":"doY7QL8e","md5":"a6ae8837154b8d52d76dc0ce895f1292","sha1":"73afca638a95a6e6e91d0fc898de740e507f1d0c","sha256":"0dd344e777829fb1beaf1da17edc3312d36e6f4888a8c0be3c9f7586aee5739b"},"dob":"1977-09-04 04:16:26","registered":"2012-06-01 18:01:37","phone":"02-554-946","cell":"046-469-42-18","id":{"name":"HETU","value":"877-779E"},"picture":{"large":"https://randomuser.me/api/portraits/men/57.jpg","medium":"https://randomuser.me/api/portraits/med/men/57.jpg","thumbnail":"https://randomuser.me/api/portraits/thumb/men/57.jpg"},"nat":"FI"},{"gender":"female","name":{"title":"ms","first":"shannon","last":"beck"},"location":{"street":"1566 karen dr","city":"gladstone","state":"south australia","postcode":9594},"email":"shannon.beck@example.com","login":{"username":"brownrabbit944","password":"jezebel","salt":"wg58N8TI","md5":"fa49f8492d3e34690799b8fb4381f360","sha1":"ce0580292ae2c7d33739e72ba7814436228b0b4c","sha256":"a28e78638f0c3352d5827ef617205f799d4db7c91efae1137c33b3757a73de3e"},"dob":"1969-08-13 07:19:35","registered":"2008-02-08 02:09:55","phone":"09-0126-8123","cell":"0459-105-498","id":{"name":"TFN","value":"325016477"},"picture":{"large":"https://randomuser.me/api/portraits/women/23.jpg","medium":"https://randomuser.me/api/portraits/med/women/23.jpg","thumbnail":"https://randomuser.me/api/portraits/thumb/women/23.jpg"},"nat":"AU"},{"gender":"male","name":{"title":"mr","first":"silas","last":"sørensen"},"location":{"street":"2006 glentevej","city":"overby lyng","state":"midtjylland","postcode":98627},"email":"silas.sørensen@example.com","login":{"username":"crazywolf325","password":"blueboy","salt":"wLZDWA4s","md5":"b67ee43f327b3b275c98a220890d0781","sha1":"c9cd1713f38654f83c52ffdf63ca6bf951b84418","sha256":"8b99e8be5743142cb7ff64c6973b250b6b4064d578802a19a0b9ebaf09f367f9"},"dob":"1950-02-04 14:11:43","registered":"2005-05-11 14:59:34","phone":"44693824","cell":"21924701","id":{"name":"CPR","value":"792052-1936"},"picture":{"large":"https://randomuser.me/api/portraits/men/38.jpg","medium":"https://randomuser.me/api/portraits/med/men/38.jpg","thumbnail":"https://randomuser.me/api/portraits/thumb/men/38.jpg"},"nat":"DK"},{"gender":"male","name":{"title":"mr","first":"josep","last":"perez"},"location":{"street":"4402 calle nebrija","city":"lugo","state":"andalucía","postcode":98721},"email":"josep.perez@example.com","login":{"username":"beautifulsnake987","password":"cassie","salt":"g7Rk3NOo","md5":"7cd2c473aab76d559acd5a4d45d5e8fd","sha1":"33c1432bcc0bc1b226a98ef3efe82f7b0a7e873b","sha256":"6cce8bdca47969dbea9dbdb9cd3c70fc21f40756657a81610372369b0953996e"},"dob":"1966-06-16 12:31:48","registered":"2004-11-01 20:03:35","phone":"981-427-571","cell":"623-094-504","id":{"name":"DNI","value":"89945519-J"},"picture":{"large":"https://randomuser.me/api/portraits/men/7.jpg","medium":"https://randomuser.me/api/portraits/med/men/7.jpg","thumbnail":"https://randomuser.me/api/portraits/thumb/men/7.jpg"},"nat":"ES"},{"gender":"female","name":{"title":"ms","first":"begüm","last":"arslanoğlu"},"location":{"street":"4916 şehitler cd","city":"batman","state":"kırşehir","postcode":23877},"email":"begüm.arslanoğlu@example.com","login":{"username":"redswan679","password":"charisma","salt":"mDMWAWuz","md5":"ea12ab159f68f41a3c87779c2b650829","sha1":"229bc941af8293e616b156ede1769f4225604ee6","sha256":"98485981a95b02e3e281d566a8a9fb457ce5b8838376417400d9a7ae93db42b1"},"dob":"1990-02-10 15:00:12","registered":"2002-05-19 13:00:54","phone":"(274)-464-0859","cell":"(285)-728-2680","id":{"name":"","value":null},"picture":{"large":"https://randomuser.me/api/portraits/women/50.jpg","medium":"https://randomuser.me/api/portraits/med/women/50.jpg","thumbnail":"https://randomuser.me/api/portraits/thumb/women/50.jpg"},"nat":"TR"},{"gender":"female","name":{"title":"ms","first":"vicki","last":"wagner"},"location":{"street":"2403 w gray st","city":"medford","state":"nebraska","postcode":19252},"email":"vicki.wagner@example.com","login":{"username":"purpleladybug372","password":"american","salt":"faDeooYi","md5":"c7cef7f3db165bf2f8c9e35e17596653","sha1":"15af3b74257d2572d91a67019c394d2acd9aee2e","sha256":"f565db5dfd0a966a7dd8e5e71ca2200674fb283f9319b68ba2929f05680c77b6"},"dob":"1945-03-28 03:58:44","registered":"2007-08-07 11:26:49","phone":"(220)-430-0475","cell":"(538)-404-7687","id":{"name":"SSN","value":"078-37-3963"},"picture":{"large":"https://randomuser.me/api/portraits/women/46.jpg","medium":"https://randomuser.me/api/portraits/med/women/46.jpg","thumbnail":"https://randomuser.me/api/portraits/thumb/women/46.jpg"},"nat":"US"},{"gender":"female","name":{"title":"ms","first":"eleutéria","last":"barros"},"location":{"street":"6903 rua são josé ","city":"uruguaiana","state":"piauí","postcode":77998},"email":"eleutéria.barros@example.com","login":{"username":"silverkoala394","password":"elaine","salt":"Iy1um4yY","md5":"cd2e89c1647999d2e8c5bf779e409f90","sha1":"59fd4d9e8e96144c9c21b413d7e67c7af3ff0083","sha256":"17a0f88e54a2974547e8be9bed9de60584a0ac69f20c42e0dd0429a1ade04b70"},"dob":"1991-07-30 10:13:41","registered":"2013-06-13 05:30:23","phone":"(51) 4773-5428","cell":"(02) 9609-7894","id":{"name":"","value":null},"picture":{"large":"https://randomuser.me/api/portraits/women/46.jpg","medium":"https://randomuser.me/api/portraits/med/women/46.jpg","thumbnail":"https://randomuser.me/api/portraits/thumb/women/46.jpg"},"nat":"BR"},{"gender":"female","name":{"title":"mademoiselle","first":"lyna","last":"gaillard"},"location":{"street":"7377 rue de l'abbé-groult","city":"st-sulpice vd","state":"solothurn","postcode":3848},"email":"lyna.gaillard@example.com","login":{"username":"heavytiger508","password":"ironman","salt":"mTQoveQP","md5":"2aaa6eb1cf4ae89cf1b3e85b297091fb","sha1":"eeb2be9fd643eba09ee4fbabbb61ad66aa394fb9","sha256":"ec3e4868c8cfbd41f0605fd990c958070a96537874f87dbce103f63960e8e165"},"dob":"1976-08-26 15:18:12","registered":"2012-10-27 13:26:30","phone":"(281)-391-1122","cell":"(790)-399-3333","id":{"name":"AVS","value":"756.VKRS.GNTJ.83"},"picture":{"large":"https://randomuser.me/api/portraits/women/16.jpg","medium":"https://randomuser.me/api/portraits/med/women/16.jpg","thumbnail":"https://randomuser.me/api/portraits/thumb/women/16.jpg"},"nat":"CH"},{"gender":"female","name":{"title":"ms","first":"signe","last":"christensen"},"location":{"street":"6647 fyrrebakken","city":"aarhus n","state":"syddanmark","postcode":97821},"email":"signe.christensen@example.com","login":{"username":"organicrabbit694","password":"magpies","salt":"P22NvRUx","md5":"b1d773b89ade68446ce8574ad3bd28ef","sha1":"a87b8fa91d91a8779496993bec2360286b0a0805","sha256":"bdcc7a01534435631b6d4f497323e9849db720377cafae9776b7394ba828febe"},"dob":"1989-08-26 17:54:44","registered":"2011-01-25 21:19:50","phone":"21384150","cell":"22738435","id":{"name":"CPR","value":"446092-2269"},"picture":{"large":"https://randomuser.me/api/portraits/women/40.jpg","medium":"https://randomuser.me/api/portraits/med/women/40.jpg","thumbnail":"https://randomuser.me/api/portraits/thumb/women/40.jpg"},"nat":"DK"},{"gender":"male","name":{"title":"mr","first":"topias","last":"koskinen"},"location":{"street":"1697 hermiankatu","city":"luvia","state":"uusimaa","postcode":39036},"email":"topias.koskinen@example.com","login":{"username":"beautifulwolf869","password":"shoes","salt":"dSiFWnVM","md5":"76cc06fd41884be500204b754ec5883a","sha1":"7b163ec6fc6560024b92d48fddab973db24f032a","sha256":"bd9374a505d3fbe125701b6f9e54ad75bf04940ef5a6ffca8f0e691df8680163"},"dob":"1981-08-01 16:44:00","registered":"2002-04-09 13:17:44","phone":"04-134-967","cell":"048-201-14-13","id":{"name":"HETU","value":"1381-2050"},"picture":{"large":"https://randomuser.me/api/portraits/men/51.jpg","medium":"https://randomuser.me/api/portraits/med/men/51.jpg","thumbnail":"https://randomuser.me/api/portraits/thumb/men/51.jpg"},"nat":"FI"},{"gender":"male","name":{"title":"mr","first":"george","last":"montgomery"},"location":{"street":"4949 w gray st","city":"los lunas","state":"michigan","postcode":10552},"email":"george.montgomery@example.com","login":{"username":"beautifulkoala261","password":"kristina","salt":"QIdKx0J0","md5":"d17cacb200303668cee6ba8728553e5f","sha1":"9713722f7d21cb164733032ec61d536695cb2ef8","sha256":"482716c85a9a7b2e838814111af88f6c468e4659a0e57791d854ec938dace4c9"},"dob":"1965-07-24 21:07:21","registered":"2014-11-17 16:27:28","phone":"(358)-731-9801","cell":"(642)-501-3015","id":{"name":"SSN","value":"345-55-3547"},"picture":{"large":"https://randomuser.me/api/portraits/men/77.jpg","medium":"https://randomuser.me/api/portraits/med/men/77.jpg","thumbnail":"https://randomuser.me/api/portraits/thumb/men/77.jpg"},"nat":"US"},{"gender":"female","name":{"title":"ms","first":"fannie","last":"lagerwerf"},"location":{"street":"2345 sint jacobsstraat","city":"breda","state":"gelderland","postcode":98443},"email":"fannie.lagerwerf@example.com","login":{"username":"bigfish753","password":"testerer","salt":"KMpV0D9C","md5":"f411c43198787a230ab602a55defd8d4","sha1":"f6c4826eabe144576d397b0ee27127d340570a84","sha256":"007628ba14fc7ac61640c8e44d10aab00a39608f3c9bf4b759172aaa1187cb31"},"dob":"1968-04-27 03:14:38","registered":"2007-02-01 11:55:01","phone":"(785)-817-0549","cell":"(506)-662-2395","id":{"name":"BSN","value":"74002246"},"picture":{"large":"https://randomuser.me/api/portraits/women/39.jpg","medium":"https://randomuser.me/api/portraits/med/women/39.jpg","thumbnail":"https://randomuser.me/api/portraits/thumb/women/39.jpg"},"nat":"NL"},{"gender":"male","name":{"title":"mr","first":"soren","last":"boyer"},"location":{"street":"5888 boulevard de balmont","city":"nîmes","state":"corse-du-sud","postcode":27001},"email":"soren.boyer@example.com","login":{"username":"smallbutterfly692","password":"juventus","salt":"Mi6BI25Y","md5":"3d84e483757850a50524e271fa106627","sha1":"3dbac5d28678a2e8b8c48c2230a1fb9c4788d94a","sha256":"dabcad2dd5da5db89df67bb64aa59f73283d653814c49fe0277899c7a0dcafea"},"dob":"1991-07-13 05:16:46","registered":"2007-04-28 08:48:55","phone":"04-39-52-45-03","cell":"06-68-37-92-96","id":{"name":"INSEE","value":"191627389275 80"},"picture":{"large":"https://randomuser.me/api/portraits/men/59.jpg","medium":"https://randomuser.me/api/portraits/med/men/59.jpg","thumbnail":"https://randomuser.me/api/portraits/thumb/men/59.jpg"},"nat":"FR"},{"gender":"female","name":{"title":"mrs","first":"joyce","last":"rogers"},"location":{"street":"5670 w sherman dr","city":"devonport","state":"victoria","postcode":7682},"email":"joyce.rogers@example.com","login":{"username":"orangepeacock699","password":"slick1","salt":"lkQVbnNA","md5":"f445eb02e7c7a4da7b62ef78be412162","sha1":"fd51bfe144e1dadd7f8327e5146e01986267f782","sha256":"05e7c28dce8f5caa5d8092377550a5542e66e52ff538ac3b51a2f8350b984efe"},"dob":"1981-08-02 23:13:05","registered":"2010-09-23 15:14:25","phone":"03-8234-8731","cell":"0450-244-324","id":{"name":"TFN","value":"248539879"},"picture":{"large":"https://randomuser.me/api/portraits/women/14.jpg","medium":"https://randomuser.me/api/portraits/med/women/14.jpg","thumbnail":"https://randomuser.me/api/portraits/thumb/women/14.jpg"},"nat":"AU"},{"gender":"male","name":{"title":"mr","first":"emil","last":"urban"},"location":{"street":"2189 lerchenweg","city":"heidenheim","state":"mecklenburg-vorpommern","postcode":24543},"email":"emil.urban@example.com","login":{"username":"whitegoose250","password":"trout","salt":"CrBUj6id","md5":"3bff45761cdf752d47f0737e3870350f","sha1":"9df70b45e750f140c3ba84bb2b5219be0c743cf6","sha256":"4dc232099c72d18948a605ee7bcb558df7308c43fdb7c9f8f14e963edf9221ad"},"dob":"1984-05-26 03:13:42","registered":"2007-09-30 07:28:56","phone":"0996-0621867","cell":"0177-6213475","id":{"name":"","value":null},"picture":{"large":"https://randomuser.me/api/portraits/men/60.jpg","medium":"https://randomuser.me/api/portraits/med/men/60.jpg","thumbnail":"https://randomuser.me/api/portraits/thumb/men/60.jpg"},"nat":"DE"},{"gender":"male","name":{"title":"mr","first":"kuzey","last":"nebioğlu"},"location":{"street":"1640 şehitler cd","city":"bilecik","state":"kars","postcode":22223},"email":"kuzey.nebioğlu@example.com","login":{"username":"organicmouse875","password":"nnnnnnnn","salt":"Swy7UOkn","md5":"d58c0265e919af317b6e670b1f172fbf","sha1":"da5e2304de2bec99f542d0897beaa331c05a674b","sha256":"047bbabf2090a64975f554a9093bc0822cbb0ca89a9fd55b443e2af9a2af64a4"},"dob":"1957-07-12 06:04:55","registered":"2009-06-14 23:21:16","phone":"(580)-480-7081","cell":"(778)-783-1302","id":{"name":"","value":null},"picture":{"large":"https://randomuser.me/api/portraits/men/76.jpg","medium":"https://randomuser.me/api/portraits/med/men/76.jpg","thumbnail":"https://randomuser.me/api/portraits/thumb/men/76.jpg"},"nat":"TR"},{"gender":"female","name":{"title":"ms","first":"charlotte","last":"lévesque"},"location":{"street":"5857 peel st","city":"wellington","state":"northwest territories","postcode":76368},"email":"charlotte.lévesque@example.com","login":{"username":"smallostrich788","password":"psycho","salt":"YhMeJX0a","md5":"ab71d607ee4d979a93684c2d44685a28","sha1":"b1632fb0aa590cfd4ee1274b73a6c127fce173d7","sha256":"c5c147b5d9cb0428daad7e388ad337f12f0d9db1a35278b3b10280addc60465e"},"dob":"1991-10-29 20:55:47","registered":"2004-01-02 01:18:18","phone":"377-419-4174","cell":"053-736-6793","id":{"name":"","value":null},"picture":{"large":"https://randomuser.me/api/portraits/women/37.jpg","medium":"https://randomuser.me/api/portraits/med/women/37.jpg","thumbnail":"https://randomuser.me/api/portraits/thumb/women/37.jpg"},"nat":"CA"},{"gender":"male","name":{"title":"mr","first":"rafael","last":"dumas"},"location":{"street":"7014 rue de la mairie","city":"limoges","state":"loiret","postcode":78640},"email":"rafael.dumas@example.com","login":{"username":"bluepanda156","password":"counter","salt":"wTHF9eSW","md5":"a1193899726fa8932cca196515d74ba3","sha1":"de45b653769c6f6210364d0f3d3c3a2f60f14b09","sha256":"4c6b64a434bfe1516ae80749cf4182d9f1b6be69490e2255c073dcaeb4bd33fc"},"dob":"1960-08-10 21:42:29","registered":"2009-02-24 18:17:23","phone":"01-53-52-14-98","cell":"06-51-51-25-37","id":{"name":"INSEE","value":"160702367779 93"},"picture":{"large":"https://randomuser.me/api/portraits/men/10.jpg","medium":"https://randomuser.me/api/portraits/med/men/10.jpg","thumbnail":"https://randomuser.me/api/portraits/thumb/men/10.jpg"},"nat":"FR"},{"gender":"female","name":{"title":"ms","first":"flavie","last":"fernandez"},"location":{"street":"5244 avenue vauban","city":"avignon","state":"seine-saint-denis","postcode":65896},"email":"flavie.fernandez@example.com","login":{"username":"orangemouse718","password":"american","salt":"Bkw5ryOV","md5":"49aeff70df5ad30473d4f59f230e7c4b","sha1":"0ad429562531e8262effcd6c0d66eed14c56fa08","sha256":"6426f69b62b5e6b8c7e4917d9ffae239ee10d8641c66e0c80005b0d869410e10"},"dob":"1952-09-18 15:55:03","registered":"2007-03-12 03:49:07","phone":"05-22-16-53-19","cell":"06-58-25-70-27","id":{"name":"INSEE","value":"252891639237 14"},"picture":{"large":"https://randomuser.me/api/portraits/women/45.jpg","medium":"https://randomuser.me/api/portraits/med/women/45.jpg","thumbnail":"https://randomuser.me/api/portraits/thumb/women/45.jpg"},"nat":"FR"},{"gender":"male","name":{"title":"mr","first":"joseph","last":"hudson"},"location":{"street":"2397 westmoreland street","city":"kinsale","state":"kilkenny","postcode":60922},"email":"joseph.hudson@example.com","login":{"username":"tinypanda113","password":"nt5d27","salt":"9E7e4xGa","md5":"93b7b76c3ce38003874ed7855c5558f2","sha1":"f48f3adc02e18c752639a0f238a4f712f4d0bb77","sha256":"146f4937105b5fe5b67725cf97603edac6a6e6925fac04412cf5749ddf1433b6"},"dob":"1948-09-09 16:57:26","registered":"2013-05-22 19:09:29","phone":"061-476-5748","cell":"081-353-5603","id":{"name":"PPS","value":"1992319T"},"picture":{"large":"https://randomuser.me/api/portraits/men/47.jpg","medium":"https://randomuser.me/api/portraits/med/men/47.jpg","thumbnail":"https://randomuser.me/api/portraits/thumb/men/47.jpg"},"nat":"IE"},{"gender":"male","name":{"title":"mr","first":"felix","last":"pedersen"},"location":{"street":"3093 herluf trolles vej","city":"gjerlev","state":"syddanmark","postcode":15436},"email":"felix.pedersen@example.com","login":{"username":"ticklishladybug532","password":"cooper","salt":"npJXviIn","md5":"df594115d3e4149e3d69bad906d9c4d7","sha1":"53ee4c551395cc538d17197fd66cb0058f99626e","sha256":"e54fe2153d4091f3795b69c99767f72e5b660c4a4d1b7de0c2bcb52bcd84b393"},"dob":"1978-12-08 21:22:59","registered":"2007-11-23 09:52:11","phone":"63738796","cell":"91052858","id":{"name":"CPR","value":"560893-4074"},"picture":{"large":"https://randomuser.me/api/portraits/men/30.jpg","medium":"https://randomuser.me/api/portraits/med/men/30.jpg","thumbnail":"https://randomuser.me/api/portraits/thumb/men/30.jpg"},"nat":"DK"},{"gender":"female","name":{"title":"ms","first":"pleun","last":"van de laarschot"},"location":{"street":"8357 stadhuisbrug","city":"lisse","state":"limburg","postcode":43804},"email":"pleun.vandelaarschot@example.com","login":{"username":"heavydog448","password":"jerkoff","salt":"VxrEQM4f","md5":"4e1e8345fe6678ec47e42ab58f6793c5","sha1":"4fd23fff75ae58e319a93d65ec2782e419a54bf8","sha256":"44ee6a6c9a350ec9c5f19790ca921195977e1cba3f4f65d7bf6f1ccc12a287be"},"dob":"1970-02-10 06:52:54","registered":"2004-09-24 02:09:11","phone":"(886)-508-2742","cell":"(068)-324-5365","id":{"name":"BSN","value":"77679871"},"picture":{"large":"https://randomuser.me/api/portraits/women/6.jpg","medium":"https://randomuser.me/api/portraits/med/women/6.jpg","thumbnail":"https://randomuser.me/api/portraits/thumb/women/6.jpg"},"nat":"NL"}],"info":{"seed":"15dd230df56db934","results":50,"page":1,"version":"1.1"}}